{"train_losses": [0.6040011169863155, 0.5989908768068084, 0.597587622127967, 0.5970102299060194], "test_accuracies": [68.00574696453221, 68.17759247260332, 68.12970110150154, 68.29027805166633], "best_accuracy": 68.17759247260332}